{
    "faces":[41,0,1,2,3,0,1,2,3,0,0,0,0,41,4,7,6,5,4,5,6,7,1,1,1,1,41,0,4,5,1,8,9,10,11,2,2,2,2,41,1,5,6,2,12,13,14,15,3,3,3,3,41,2,6,7,3,16,17,18,19,4,4,4,4,41,4,0,3,7,20,21,22,23,5,5,5,5],
    "metadata":{
        "vertices":8,
        "type":"Geometry",
        "version":3,
        "uvs":1,
        "normals":6,
        "faces":6,
        "generator":"io_three"
    },
    "vertices":[1,-1,-1,1,-1,1,-1,-1,1,-1,-1,-1,1,1,-1,0.999999,1,1,-1,1,1,-1,1,-1],
    "uvs":[[0.666467,0.333134,0.333533,0.333134,0.333533,0.00019976,0.666467,0.00019985,0.333134,0.333133,0.00019985,0.333134,0.00019976,0.000199879,0.333133,0.00019976,0.333134,0.333533,0.333133,0.666467,0.00019976,0.666467,0.000199879,0.333533,0.333134,0.666866,0.333133,0.9998,0.00019976,0.9998,0.00019976,0.666866,0.666867,0.333134,0.666867,0.00019976,0.9998,0.0001998,0.9998,0.333134,0.666467,0.333533,0.666467,0.666467,0.333533,0.666467,0.333533,0.333533]],
    "normals":[-5.32907e-15,-1,2.98023e-08,1.06581e-14,1,-2.98023e-08,1,4.47034e-08,2.83122e-07,-2.83122e-07,-7.45059e-08,1,-1,-1.3411e-07,-2.23517e-07,2.38419e-07,1.78814e-07,-1]
}